AccessId, ByWho, WhatPage, TypeOfAccess, AccessTime
6698847,79,149,note,2023-07-30 12:48:48
331395,73,92,sent a message,2023-08-20 02:32:53
8266119,52,137,shared a post,2023-09-01 02:27:51
6725593,54,26,note,2023-09-10 12:49:17
8498589,87,109,note,2023-09-09 16:51:22
7578496,56,163,viewed mutual followers,2023-08-26 21:27:48
7305323,96,199,note,2023-07-03 04:37:58
6871666,142,53,just viewed,2023-07-03 03:20:44
2292269,68,9,shared a post,2023-08-13 01:46:07
4238876,179,102,note,2023-07-27 13:31:51
9563554,105,92,sent a message,2023-07-31 18:14:13
1104838,104,181,sent a message,2023-06-22 02:24:44
1049211,100,178,blocked the profile,2023-08-05 00:35:36
538083,165,36,viewed mutual followers,2023-07-30 22:50:17
5054386,192,61,accepted follow request,2023-07-15 18:21:29
9565675,184,56,blocked the profile,2023-09-09 08:35:15
4131622,196,191,viewed mutual followers,2023-08-27 01:27:58
115838,35,58,requested to follow,2023-07-04 08:27:32
6431175,180,61,note,2023-08-15 03:18:18
7566133,30,20,sent a message,2023-08-21 01:31:55
7480888,180,161,just viewed,2023-08-16 08:51:40
4211446,48,39,note,2023-07-10 19:17:40
4129093,52,65,shared a post,2023-07-31 14:01:26
8996192,39,192,requested to follow,2023-07-22 12:36:37
5727068,56,150,shared a post,2023-08-27 18:00:52
9192207,131,9,just viewed,2023-08-26 07:18:23
8667715,146,194,requested to follow,2023-07-05 00:33:50
2683080,156,41,blocked the profile,2023-08-19 19:56:07
9390186,165,13,blocked the profile,2023-08-16 14:17:29
6289355,154,114,requested to follow,2023-08-07 11:30:12
479729,134,53,just viewed,2023-08-16 13:01:29
4437243,39,126,just viewed,2023-06-16 04:32:42
766544,118,178,viewed mutual followers,2023-06-04 19:04:25
8759196,178,169,sent a message,2023-07-31 02:20:30
7927283,26,78,requested to follow,2023-06-14 12:47:47
4726687,150,181,blocked the profile,2023-09-03 01:27:26
705055,83,95,added a friend,2023-07-16 01:02:04
8089865,46,3,accepted follow request,2023-07-26 06:57:43
6070206,19,89,shared a post,2023-06-05 03:22:26
3932721,109,167,shared a post,2023-07-01 20:43:11
5226195,62,130,viewed mutual followers,2023-08-22 23:10:05
8360480,151,162,added a friend,2023-09-12 17:24:29
3595208,98,61,shared a post,2023-07-25 20:30:25
4547205,180,35,accepted follow request,2023-08-17 06:06:31
8778541,6,84,just viewed,2023-08-06 08:02:47
75396,143,20,added a friend,2023-07-15 09:39:55
5707275,109,91,viewed mutual followers,2023-09-21 07:45:09
46173,67,86,shared a post,2023-07-21 16:08:58
9561833,44,129,viewed mutual followers,2023-06-26 09:24:47
2598797,79,175,requested to follow,2023-06-08 20:46:58
9653522,177,51,sent a message,2023-09-18 19:49:53
7622994,154,124,shared a post,2023-09-14 18:32:42
7794808,65,5,requested to follow,2023-09-21 01:40:08
1309967,58,179,blocked the profile,2023-09-06 18:47:44
6882762,86,2,sent a message,2023-08-19 05:34:29
8097672,87,120,sent a message,2023-07-17 12:12:07
1199946,173,6,blocked the profile,2023-06-04 19:21:46
2283132,165,95,just viewed,2023-06-16 13:24:12
6028975,149,51,shared a post,2023-08-21 03:39:01
3975310,91,42,shared a post,2023-08-17 09:55:03
1422148,117,31,requested to follow,2023-06-16 03:42:29
9539843,22,59,accepted follow request,2023-08-08 07:59:53
6024823,119,139,just viewed,2023-08-09 10:06:12
2997608,179,195,requested to follow,2023-06-19 04:59:41
8699722,150,72,added a friend,2023-06-02 08:37:52
5185245,18,124,sent a message,2023-06-06 23:36:01
55734,140,53,shared a post,2023-08-18 20:08:46
9394534,74,37,sent a message,2023-07-24 08:01:42
1065044,87,43,accepted follow request,2023-07-23 00:32:34
6160271,126,119,requested to follow,2023-06-02 10:42:38
8700157,62,32,viewed mutual followers,2023-06-16 01:12:15
1377762,183,197,requested to follow,2023-06-19 07:39:26
2440594,22,83,just viewed,2023-08-26 13:24:38
4827951,125,63,sent a message,2023-09-11 01:46:30
1264954,151,73,added a friend,2023-06-11 13:04:45
3254533,52,164,blocked the profile,2023-08-19 22:08:36
4229491,12,96,just viewed,2023-06-03 15:53:37
6063566,18,163,added a friend,2023-08-03 22:09:24
9038163,176,187,note,2023-07-03 21:23:00
430962,14,101,requested to follow,2023-08-09 14:36:28
6048867,67,128,just viewed,2023-07-19 03:18:10
7158401,79,80,sent a message,2023-07-04 14:22:25
5025998,146,111,shared a post,2023-08-16 13:24:46
9656733,77,139,just viewed,2023-07-10 21:43:12
8497254,66,22,blocked the profile,2023-07-10 18:46:56
8541676,34,198,requested to follow,2023-09-02 19:07:48
7887127,77,57,note,2023-09-11 13:31:12
7248745,31,97,note,2023-06-17 16:00:37
8698951,43,82,shared a post,2023-06-07 08:40:10
7948199,62,86,just viewed,2023-06-27 10:40:36
1919965,32,111,viewed mutual followers,2023-06-26 14:10:56
6888628,24,161,accepted follow request,2023-06-21 05:14:06
2353636,50,175,just viewed,2023-06-22 22:19:49
1489474,33,184,viewed mutual followers,2023-08-13 02:14:54
7073716,52,95,shared a post,2023-08-16 02:53:38
7889918,143,15,note,2023-09-01 18:06:22
4850131,144,141,note,2023-06-24 03:22:39
4340898,10,87,added a friend,2023-06-18 19:34:11
1358946,37,117,sent a message,2023-07-26 01:59:05
4300097,134,68,sent a message,2023-07-26 17:30:33
5031744,200,149,blocked the profile,2023-07-22 01:20:52
2735702,27,52,blocked the profile,2023-06-24 02:40:21
5335690,146,4,added a friend,2023-07-11 17:33:18
4816266,153,76,requested to follow,2023-06-20 14:23:45
73328,40,119,blocked the profile,2023-06-14 04:28:41
5471799,57,153,blocked the profile,2023-07-15 23:20:03
5011933,79,178,viewed mutual followers,2023-09-11 03:30:12
6768811,43,97,shared a post,2023-07-19 12:24:55
3054686,181,115,viewed mutual followers,2023-06-23 09:42:10
2665336,150,16,note,2023-08-04 08:20:30
2761519,7,28,just viewed,2023-06-28 11:45:27
8801265,175,200,viewed mutual followers,2023-07-30 17:24:50
2507546,159,30,note,2023-08-19 18:35:57
3911496,178,24,just viewed,2023-06-15 15:50:15
9926718,107,31,note,2023-06-02 11:54:24
5218586,5,86,viewed mutual followers,2023-07-18 15:17:19
7316919,138,165,just viewed,2023-08-09 05:16:31
4994102,24,76,sent a message,2023-07-31 06:27:30
9391832,135,47,viewed mutual followers,2023-08-11 08:40:55
6825406,190,8,shared a post,2023-09-17 21:40:38
9190937,77,48,added a friend,2023-06-10 23:56:34
6296291,47,192,sent a message,2023-09-09 06:27:04
5139007,71,20,accepted follow request,2023-06-29 11:31:03
1303793,9,128,just viewed,2023-07-09 08:43:42
4097299,194,145,added a friend,2023-08-20 08:02:34
6699058,93,10,accepted follow request,2023-08-04 04:56:30
8864672,108,79,added a friend,2023-07-03 10:20:47
4694848,170,117,note,2023-07-31 12:33:04
7789824,155,7,accepted follow request,2023-07-11 09:55:48
5657239,18,33,just viewed,2023-07-30 01:29:40
6698284,194,77,note,2023-06-21 10:19:44
5093000,5,45,shared a post,2023-06-01 15:43:11
4523016,135,2,blocked the profile,2023-08-09 07:37:35
4030547,61,116,sent a message,2023-06-13 08:16:29
4401272,32,58,blocked the profile,2023-06-04 06:38:13
2857985,80,168,just viewed,2023-07-31 05:47:02
2880039,97,177,just viewed,2023-08-03 21:17:24
9933081,106,70,just viewed,2023-07-21 03:40:41
7000470,176,20,just viewed,2023-07-03 05:11:15
2388314,44,109,sent a message,2023-09-04 19:36:14
2369150,177,23,accepted follow request,2023-07-24 04:41:59
5640143,76,115,added a friend,2023-06-27 18:52:14
4495876,81,41,viewed mutual followers,2023-06-16 22:21:27
9564896,155,58,shared a post,2023-09-08 08:00:09
589297,30,152,blocked the profile,2023-06-28 19:34:34
4637582,78,73,sent a message,2023-06-28 17:03:31
9362043,184,155,shared a post,2023-08-27 20:55:40
276146,40,24,viewed mutual followers,2023-08-20 06:29:21
3175874,181,177,shared a post,2023-06-19 06:34:47
3458940,66,73,sent a message,2023-08-29 19:12:25
9576726,195,162,requested to follow,2023-07-29 03:32:44
8969145,146,19,viewed mutual followers,2023-09-02 14:11:50
3751179,95,158,shared a post,2023-07-14 02:42:21
1237169,110,135,just viewed,2023-07-15 02:18:02
3029457,130,5,accepted follow request,2023-07-29 21:29:47
8109453,86,175,sent a message,2023-08-08 04:55:41
9657380,168,34,shared a post,2023-09-03 03:50:52
3711,43,111,sent a message,2023-06-17 16:25:31
630084,142,118,just viewed,2023-07-24 02:30:35
6908123,72,116,note,2023-07-22 19:22:09
2907349,27,190,sent a message,2023-09-01 15:22:43
7381269,106,191,requested to follow,2023-08-29 02:49:50
938221,64,195,accepted follow request,2023-07-31 23:24:21
1686560,61,154,sent a message,2023-06-14 01:11:23
8204642,59,118,note,2023-06-03 06:19:52
9294286,176,110,requested to follow,2023-07-16 23:51:56
5815120,188,87,blocked the profile,2023-09-06 02:46:17
6794,171,111,note,2023-09-07 17:40:26
5832546,187,197,added a friend,2023-06-11 05:09:49
5102085,187,9,requested to follow,2023-08-05 01:18:07
3544057,163,66,shared a post,2023-09-02 07:22:06
9984844,11,165,added a friend,2023-07-16 14:09:58
493509,92,200,blocked the profile,2023-06-27 06:18:13
7103477,171,186,viewed mutual followers,2023-06-06 11:54:57
945716,103,35,shared a post,2023-08-02 18:54:45
3752327,56,163,just viewed,2023-06-28 13:54:22
6351719,118,110,requested to follow,2023-06-04 14:19:46
7281212,104,8,accepted follow request,2023-09-17 01:14:02
7804044,162,160,viewed mutual followers,2023-06-03 20:52:28
9958926,21,163,shared a post,2023-08-22 02:20:44
8473396,56,175,requested to follow,2023-08-24 04:59:49
7435046,132,146,sent a message,2023-06-06 14:38:05
3002910,50,160,requested to follow,2023-06-19 06:50:02
6031035,68,39,note,2023-07-09 18:19:02
3446723,189,72,note,2023-06-21 21:39:42
1452137,186,8,accepted follow request,2023-09-14 09:40:29
6015762,45,65,just viewed,2023-06-07 17:46:36
185722,182,78,viewed mutual followers,2023-08-08 05:16:31
5439332,60,77,just viewed,2023-09-16 18:33:11
7532616,157,64,shared a post,2023-06-25 07:38:35
9560303,86,57,requested to follow,2023-07-28 23:26:35
8429733,86,99,note,2023-07-10 04:43:42
8648149,187,67,viewed mutual followers,2023-07-09 05:50:17
6334047,85,155,viewed mutual followers,2023-09-13 11:09:38
3966191,151,137,note,2023-08-15 20:38:19
5073772,182,86,accepted follow request,2023-08-20 04:57:15
6862607,84,173,requested to follow,2023-08-06 10:46:12
6044465,24,76,viewed mutual followers,2023-08-28 08:50:54
384480,144,6,requested to follow,2023-07-24 13:32:41
3228322,104,115,viewed mutual followers,2023-08-16 03:18:56
