9873844,193,117,note,2023-06-29 15:53:40
4571925,94,30,blocked the profile,2023-08-06 00:15:43
6000231,91,83,viewed mutual followers,2023-07-24 04:51:11
5676918,167,60,sent a message,2023-06-04 21:11:55
4475199,93,103,added a friend,2023-09-05 15:35:40
2145516,32,152,accepted follow request,2023-08-03 02:50:46
374146,108,154,viewed mutual followers,2023-07-25 00:29:42
1192713,179,133,added a friend,2023-07-22 10:38:10
3851848,145,141,accepted follow request,2023-08-26 08:48:46
9769534,54,158,note,2023-06-22 12:43:51
5922539,87,198,just viewed,2023-07-16 16:10:06
5902998,139,152,shared a post,2023-09-11 06:27:29
5019122,94,86,added a friend,2023-07-05 09:30:45
420698,195,83,viewed mutual followers,2023-08-14 08:20:51
6747182,98,56,blocked the profile,2023-09-15 07:23:59
6182577,109,99,blocked the profile,2023-09-11 08:02:03
2877134,127,51,shared a post,2023-07-02 00:37:31
1290789,97,40,blocked the profile,2023-07-14 10:00:04
9145561,95,82,sent a message,2023-07-19 18:10:06
5506473,41,191,just viewed,2023-09-12 13:21:53
7014311,168,15,sent a message,2023-07-15 20:52:09
5418913,123,158,requested to follow,2023-06-22 16:15:40
4859058,30,53,requested to follow,2023-06-30 01:55:56
7000832,172,178,viewed mutual followers,2023-09-07 23:24:53
3761480,93,125,added a friend,2023-09-04 07:37:44
120388,181,139,sent a message,2023-06-01 23:37:48
4314661,60,100,just viewed,2023-06-24 15:02:01
6292414,127,58,added a friend,2023-07-09 19:36:46
3012629,97,11,added a friend,2023-09-19 01:54:06
3521680,139,165,shared a post,2023-09-14 08:10:01
7094397,195,153,shared a post,2023-07-27 18:56:49
5205034,194,10,added a friend,2023-06-08 22:45:13
3099606,5,126,viewed mutual followers,2023-08-08 21:57:25
1912339,146,185,note,2023-07-29 16:42:02
7043915,51,88,requested to follow,2023-08-24 23:22:55
4359467,42,69,note,2023-08-20 08:59:49
9890762,34,171,requested to follow,2023-06-15 11:59:56
2244536,179,161,blocked the profile,2023-07-05 11:52:15
209458,91,191,added a friend,2023-07-24 05:19:40
2354950,179,5,blocked the profile,2023-06-27 15:56:46
1736407,154,157,sent a message,2023-07-01 03:38:47
2969317,108,102,just viewed,2023-08-16 21:40:26
1733534,130,107,blocked the profile,2023-06-03 05:04:36
3703823,2,34,accepted follow request,2023-06-16 19:14:56
6136531,11,69,note,2023-06-07 01:02:09
3181788,39,51,sent a message,2023-06-01 19:47:17
5310586,110,55,requested to follow,2023-08-19 07:11:11
1028097,9,26,blocked the profile,2023-09-13 06:37:41
9584281,161,71,shared a post,2023-07-12 11:39:28
7389394,65,151,sent a message,2023-09-06 04:52:33
6594048,69,154,shared a post,2023-09-16 00:03:22
2139351,120,180,shared a post,2023-08-17 03:29:10
8583634,101,200,viewed mutual followers,2023-06-03 23:44:48
1067356,20,74,note,2023-08-27 03:58:02
7986819,154,75,shared a post,2023-09-05 04:56:29
4847939,103,101,note,2023-09-17 06:01:17
9906145,129,148,shared a post,2023-07-21 07:18:28
7810561,71,138,accepted follow request,2023-06-06 09:03:36
9663325,68,94,accepted follow request,2023-07-11 02:39:10
9456313,10,24,viewed mutual followers,2023-07-12 16:06:59
1845243,189,70,sent a message,2023-09-02 03:30:19
1624723,52,93,viewed mutual followers,2023-08-14 00:34:54
3595780,2,192,blocked the profile,2023-06-29 13:05:38
1009816,194,49,requested to follow,2023-09-06 10:41:30
6087099,110,88,requested to follow,2023-06-12 23:08:17
3892494,41,118,sent a message,2023-09-17 14:09:14
6593636,83,176,blocked the profile,2023-07-28 03:14:28
7038397,168,149,shared a post,2023-07-10 06:42:37
7671116,39,133,added a friend,2023-08-30 05:26:10
8095370,7,154,sent a message,2023-06-18 16:31:28
519173,190,62,blocked the profile,2023-07-05 03:48:53
4583562,199,171,blocked the profile,2023-06-23 04:31:10
1030437,108,42,blocked the profile,2023-08-27 17:34:25
6255268,171,150,viewed mutual followers,2023-07-17 13:14:48
2451552,19,26,accepted follow request,2023-07-13 02:13:02
1330021,122,82,blocked the profile,2023-08-03 13:55:25
9707614,115,98,accepted follow request,2023-06-29 19:12:55
6145427,129,73,note,2023-09-20 20:32:24
8412990,49,157,sent a message,2023-06-03 03:38:08
8908527,22,198,note,2023-07-23 22:04:37
4138093,133,132,viewed mutual followers,2023-08-26 15:30:50
8077662,67,80,added a friend,2023-06-21 16:49:32
4964364,160,5,accepted follow request,2023-09-02 11:59:45
4680578,33,156,shared a post,2023-07-28 09:02:57
4970140,85,173,blocked the profile,2023-08-26 09:55:10
2626032,198,149,shared a post,2023-06-15 14:15:34
5756251,63,134,requested to follow,2023-08-12 00:32:44
7066913,12,140,added a friend,2023-09-06 18:09:05
2802609,61,172,requested to follow,2023-06-17 07:59:33
6986053,58,132,blocked the profile,2023-08-24 21:44:34
2108854,157,176,shared a post,2023-09-14 10:44:58
7174796,65,167,viewed mutual followers,2023-08-24 23:29:50
8767389,158,119,added a friend,2023-08-28 12:05:27
996363,36,18,requested to follow,2023-07-20 16:26:20
8492250,69,199,shared a post,2023-06-23 06:49:47
1986751,174,58,sent a message,2023-09-14 14:58:58
3120637,129,127,sent a message,2023-07-28 18:08:45
8609699,120,115,sent a message,2023-08-29 23:10:22
1948889,200,193,viewed mutual followers,2023-09-07 06:54:53
2587824,11,181,requested to follow,2023-07-12 20:31:42
3183554,75,170,blocked the profile,2023-06-05 05:36:14
2421162,72,110,just viewed,2023-07-26 22:37:20
1215739,141,135,shared a post,2023-07-23 15:28:47
1937487,16,8,viewed mutual followers,2023-06-18 20:17:44
3499428,199,103,sent a message,2023-09-10 20:47:10
971870,160,57,sent a message,2023-09-12 05:15:25
1734216,46,19,just viewed,2023-08-31 16:54:39
3108095,110,23,viewed mutual followers,2023-08-21 09:04:01
112475,149,57,shared a post,2023-07-23 08:16:36
9437261,33,133,added a friend,2023-07-12 03:31:33
8416543,46,113,shared a post,2023-08-22 04:43:44
6967547,163,130,added a friend,2023-08-18 06:47:25
5429232,104,143,note,2023-08-02 11:56:21
8423115,117,62,note,2023-09-15 16:12:43
4013151,88,57,viewed mutual followers,2023-06-27 01:41:27
5581446,56,193,note,2023-09-16 10:25:50
4119245,122,38,blocked the profile,2023-06-04 17:35:50
3115503,114,157,shared a post,2023-06-25 23:19:03
7415694,173,194,requested to follow,2023-06-14 05:47:46
4297910,168,144,sent a message,2023-08-20 10:13:46
9475872,159,90,added a friend,2023-08-15 18:03:42
4957930,188,100,requested to follow,2023-09-05 22:45:27
9685153,62,62,added a friend,2023-07-13 16:07:51
7499753,56,126,accepted follow request,2023-09-21 04:56:24
8798109,146,124,just viewed,2023-07-30 23:35:05
4139020,26,40,viewed mutual followers,2023-07-06 00:53:23
8102199,70,77,requested to follow,2023-09-05 01:25:18
6997607,113,148,note,2023-08-13 01:19:11
4099670,36,51,viewed mutual followers,2023-07-14 14:31:19
6892481,24,133,shared a post,2023-09-10 22:57:27
3619467,11,32,note,2023-09-13 23:41:57
9169947,8,30,accepted follow request,2023-09-06 00:36:19
5289147,44,173,requested to follow,2023-07-08 04:40:50
5590304,86,169,shared a post,2023-06-18 08:16:48
2609717,127,121,sent a message,2023-09-10 02:24:30
6747814,116,113,shared a post,2023-08-31 01:25:26
6721429,92,110,accepted follow request,2023-09-10 16:43:24
3046094,48,102,just viewed,2023-07-09 06:18:31
4549794,58,86,requested to follow,2023-08-13 17:03:32
1138019,121,15,added a friend,2023-09-04 22:27:43
1057910,69,198,accepted follow request,2023-09-01 18:43:08
7344917,69,44,viewed mutual followers,2023-07-31 06:49:44
4260609,169,165,requested to follow,2023-09-15 20:17:34
6373636,115,66,shared a post,2023-07-22 09:30:39
5930334,195,24,viewed mutual followers,2023-08-11 21:51:40
1337607,9,93,requested to follow,2023-08-19 00:58:15
228292,121,193,added a friend,2023-07-10 01:11:41
3670528,170,62,blocked the profile,2023-07-13 22:53:41
931679,69,143,blocked the profile,2023-08-26 11:34:39
7733939,162,12,sent a message,2023-07-15 06:00:45
536985,50,75,just viewed,2023-07-09 04:19:43
7335877,200,19,accepted follow request,2023-06-02 20:04:28
9035749,130,18,blocked the profile,2023-07-08 23:01:42
3261245,191,20,blocked the profile,2023-06-23 14:35:15
5716647,53,124,note,2023-06-04 09:28:56
5063755,19,52,added a friend,2023-06-20 12:00:01
4620264,52,48,just viewed,2023-08-13 00:03:53
402383,45,58,note,2023-07-14 05:18:00
9559146,143,114,shared a post,2023-06-24 05:48:42
6617180,122,166,requested to follow,2023-09-15 09:10:28
9384467,49,37,viewed mutual followers,2023-09-14 14:30:23
5283267,86,117,accepted follow request,2023-06-03 04:39:16
7872345,153,163,sent a message,2023-06-13 12:33:23
8803710,45,80,shared a post,2023-06-30 06:11:04
4338750,17,54,sent a message,2023-07-16 09:20:01
3978377,32,95,sent a message,2023-09-17 05:35:29
9660568,161,29,added a friend,2023-08-10 11:20:27
9016547,1,28,sent a message,2023-07-11 07:05:57
8196425,85,62,accepted follow request,2023-06-16 02:35:35
3441344,87,159,accepted follow request,2023-08-31 22:38:47
1895534,102,186,viewed mutual followers,2023-09-10 02:55:40
4908322,188,88,just viewed,2023-07-31 12:12:10
7969307,14,153,just viewed,2023-09-04 15:28:22
487228,158,99,note,2023-06-07 01:29:24
5310604,69,13,requested to follow,2023-09-02 23:43:14
715965,160,33,blocked the profile,2023-07-14 16:55:35
8741929,178,117,added a friend,2023-08-17 09:48:58
7710543,93,128,requested to follow,2023-06-27 13:37:37
5363064,20,170,viewed mutual followers,2023-07-28 07:26:00
1083376,162,40,requested to follow,2023-07-13 10:40:57
1102235,154,155,added a friend,2023-07-29 13:55:11
4006103,22,60,sent a message,2023-07-07 09:39:36
6473283,193,80,added a friend,2023-06-06 04:24:30
3803278,21,200,shared a post,2023-07-08 17:51:09
1431099,181,79,just viewed,2023-08-13 15:47:56
5513363,127,129,blocked the profile,2023-06-14 18:04:09
4164392,180,134,requested to follow,2023-06-16 23:01:48
67297,107,40,sent a message,2023-07-04 02:45:09
670278,45,57,added a friend,2023-08-20 21:19:02
8400570,22,150,requested to follow,2023-09-16 08:16:18
421492,161,158,sent a message,2023-08-09 08:44:22
7356451,6,29,accepted follow request,2023-07-06 12:39:30
6080485,96,49,just viewed,2023-07-28 08:57:31
1774168,27,89,viewed mutual followers,2023-06-30 08:01:36
1720031,94,110,requested to follow,2023-06-24 02:53:45
9754937,27,125,blocked the profile,2023-07-09 12:21:53
6350524,190,96,requested to follow,2023-08-18 15:29:20
7785137,44,81,accepted follow request,2023-08-22 12:06:04
7293631,27,45,shared a post,2023-06-18 21:43:10
6910268,52,200,shared a post,2023-06-05 12:55:40
